{
  "variants": {
    "age=0": {
      "model": "minecraft:block/wheat_stage0"
    },
    "age=1": {
      "model": "minecraft:block/wheat_stage1"
    },
    "age=2": {
      "model": "minecraft:block/wheat_stage2"
    },
    "age=3": {
      "model": "minecraft:block/wheat_stage3"
    },
    "age=4": {
      "model": "minecraft:block/wheat_stage4"
    },
    "age=5": {
      "model": "minecraft:block/wheat_stage5"
    },
    "age=6": {
      "model": "minecraft:block/wheat_stage6"
    },
    "age=7": [ { "model": "block/wheat_stage7" },
		{ "model": "block/wheat_stage7_2" } 
	]
    }
  }
}