{
  "variants": {
    "half=lower,facing=north,mossy=false,active=true": {
      "model": "waystones:block/waystone_bottom_active"
    },
    "half=upper,facing=north,mossy=false,active=true": {
      "model": "waystones:block/waystone_top_active"
    },
    "half=lower,facing=east,mossy=false,active=true": {
      "model": "waystones:block/waystone_bottom_active",
      "y": 90
    },
    "half=upper,facing=east,mossy=false,active=true": {
      "model": "waystones:block/waystone_top_active",
      "y": 90
    },
    "half=lower,facing=west,mossy=false,active=true": {
      "model": "waystones:block/waystone_bottom_active",
      "y": 270
    },
    "half=upper,facing=west,mossy=false,active=true": {
      "model": "waystones:block/waystone_top_active",
      "y": 270
    },
    "half=lower,facing=south,mossy=false,active=true": {
      "model": "waystones:block/waystone_bottom_active",
      "y": 180
    },
    "half=upper,facing=south,mossy=false,active=true": {
      "model": "waystones:block/waystone_top_active",
      "y": 180
    },
    "half=lower,facing=north,mossy=true,active=true": {
      "model": "waystones:block/mossy_waystone_bottom_active"
    },
    "half=upper,facing=north,mossy=true,active=true": {
      "model": "waystones:block/mossy_waystone_top_active"
    },
    "half=lower,facing=east,mossy=true,active=true": {
      "model": "waystones:block/mossy_waystone_bottom_active",
      "y": 90
    },
    "half=upper,facing=east,mossy=true,active=true": {
      "model": "waystones:block/mossy_waystone_top_active",
      "y": 90
    },
    "half=lower,facing=west,mossy=true,active=true": {
      "model": "waystones:block/mossy_waystone_bottom_active",
      "y": 270
    },
    "half=upper,facing=west,mossy=true,active=true": {
      "model": "waystones:block/mossy_waystone_top_active",
      "y": 270
    },
    "half=lower,facing=south,mossy=true,active=true": {
      "model": "waystones:block/mossy_waystone_bottom_active",
      "y": 180
    },
    "half=upper,facing=south,mossy=true,active=true": {
      "model": "waystones:block/mossy_waystone_top_active",
      "y": 180
    },
    "half=lower,facing=north,mossy=false,active=false": {
      "model": "waystones:block/waystone_bottom_inactive"
    },
    "half=upper,facing=north,mossy=false,active=false": {
      "model": "waystones:block/waystone_top_inactive"
    },
    "half=lower,facing=east,mossy=false,active=false": {
      "model": "waystones:block/waystone_bottom_inactive",
      "y": 90
    },
    "half=upper,facing=east,mossy=false,active=false": {
      "model": "waystones:block/waystone_top_inactive",
      "y": 90
    },
    "half=lower,facing=west,mossy=false,active=false": {
      "model": "waystones:block/waystone_bottom_inactive",
      "y": 270
    },
    "half=upper,facing=west,mossy=false,active=false": {
      "model": "waystones:block/waystone_top_inactive",
      "y": 270
    },
    "half=lower,facing=south,mossy=false,active=false": {
      "model": "waystones:block/waystone_bottom_inactive",
      "y": 180
    },
    "half=upper,facing=south,mossy=false,active=false": {
      "model": "waystones:block/waystone_top_inactive",
      "y": 180
    },
    "half=lower,facing=north,mossy=true,active=false": {
      "model": "waystones:block/mossy_waystone_bottom_inactive"
    },
    "half=upper,facing=north,mossy=true,active=false": {
      "model": "waystones:block/mossy_waystone_top_inactive"
    },
    "half=lower,facing=east,mossy=true,active=false": {
      "model": "waystones:block/mossy_waystone_bottom_inactive",
      "y": 90
    },
    "half=upper,facing=east,mossy=true,active=false": {
      "model": "waystones:block/mossy_waystone_top_inactive",
      "y": 90
    },
    "half=lower,facing=west,mossy=true,active=false": {
      "model": "waystones:block/mossy_waystone_bottom_inactive",
      "y": 270
    },
    "half=upper,facing=west,mossy=true,active=false": {
      "model": "waystones:block/mossy_waystone_top_inactive",
      "y": 270
    },
    "half=lower,facing=south,mossy=true,active=false": {
      "model": "waystones:block/mossy_waystone_bottom_inactive",
      "y": 180
    },
    "half=upper,facing=south,mossy=true,active=false": {
      "model": "waystones:block/mossy_waystone_top_inactive",
      "y": 180
    }
  }
}