{
  "ghast": {
    "animations": [
      {
        "this:tentacle1.rx": "sin(time * 0.1 + 1) / 10",
        "this:tentacle2.rx": "sin(time * 0.1 + 2) / 10",
        "this:tentacle3.rx": "sin(time * 0.1 + 3) / 10",
        "this:tentacle4.rx": "sin(time * 0.1 + 4) / 10",
        "this:tentacle5.rx": "sin(time * 0.1 + 5) / 10",
        "this:tentacle6.rx": "sin(time * 0.1 + 6) / 10",
        "this:tentacle7.rx": "sin(time * 0.1 + 7) / 10",
        "this:tentacle8.rx": "sin(time * 0.1 + 8) / 10",
        "this:tentacle9.rx": "sin(time * 0.1 + 9) / 10"
      }
    ]
  },
  "skywhale": {
    "animations": [
      {
        "this:left_sidefin.rz": "sin(time * 0.02) / 5",
        "this:right_sidefin.rz": "-sin(time * 0.02) / 5",
        "this:left_backfin.ry": "-sin(time * 0.05) / 20 + (0.3 * pi)",
        "this:right_backfin.ry": "sin(time * 0.05) / 20 - (0.3 * pi)"
      }
    ]
  },
  "sheep": {
    "animations": [
      {
        "this:fur.sx": "if(is_on_ground, 1, 2)",
        "this:fur.sz": "if(is_on_ground, 1, 2)",
        "this:fur.sy": "if(is_on_ground, 1, 2)"
      }
    ]
  }
}
