{
  "credit": "Made with Pois1x",
  "texture_size": [64, 64],
  "textures": {},
  "elements": [
    {
      "from": [2, 1, 2],
      "to": [14, 5, 14],
      "rotation": {"angle": 0, "axis": "y", "origin": [8, 9, 8]},
      "faces": {
        "north": {"uv": [6.5, 3, 9.5, 4], "texture": "#body"},
        "east": {"uv": [6.5, 3, 9.5, 4], "texture": "#body"},
        "south": {"uv": [6.5, 3, 9.5, 4], "texture": "#body"},
        "west": {"uv": [6.5, 3, 9.5, 4], "texture": "#body"},
        "up": {"uv": [6.5, 4, 9.5, 7], "texture": "#body"},
        "down": {"uv": [6.5, 4, 9.5, 7], "texture": "#body"}
      }
    },
    {
      "from": [3, 0, 3],
      "to": [13, 1, 13],
      "rotation": {"angle": 0, "axis": "y", "origin": [8, -4, 8]},
      "faces": {
        "north": {"uv": [5, 0, 7.5, 0.25], "texture": "#body"},
        "east": {"uv": [2.5, 0, 5, 0.25], "texture": "#body"},
        "south": {"uv": [0, 0, 2.5, 0.25], "texture": "#body"},
        "west": {"uv": [7.5, 0, 10, 0.25], "texture": "#body"},
        "down": {"uv": [6.75, 4.25, 9.25, 6.75], "texture": "#body"}
      }
    },
    {
      "from": [3, 5, 3],
      "to": [13, 7, 13],
      "rotation": {"angle": 0, "axis": "y", "origin": [8, 11, 8]},
      "faces": {
        "north": {"uv": [10, 0, 12.5, 0.5], "texture": "#body"},
        "east": {"uv": [10, 0, 12.5, 0.5], "texture": "#body"},
        "south": {"uv": [10, 0, 12.5, 0.5], "texture": "#body"},
        "west": {"uv": [10, 0, 12.5, 0.5], "texture": "#body"},
        "up": {"uv": [10, 0.5, 12.5, 3], "texture": "#body"}
      }
    },
    {
      "from": [7, 7, 12],
      "to": [9, 10, 13],
      "rotation": {"angle": 0, "axis": "y", "origin": [8, 13, 18]},
      "faces": {
        "north": {"uv": [1.25, 5.5, 1.75, 6.25], "texture": "#body"},
        "east": {"uv": [0.75, 5.75, 1, 6.5], "texture": "#body"},
        "south": {"uv": [1.5, 5, 2, 5.75], "texture": "#body"},
        "west": {"uv": [1.25, 4.75, 1.5, 5.5], "texture": "#body"},
        "up": {"uv": [0.75, 6, 1.25, 6.25], "texture": "#body"}
      }
    },
    {
      "from": [7, 7, 3],
      "to": [9, 10, 4],
      "rotation": {"angle": 0, "axis": "y", "origin": [8, 13, 9]},
      "faces": {
        "north": {"uv": [1.25, 5.5, 1.75, 6.25], "texture": "#body"},
        "east": {"uv": [0.75, 5.75, 1, 6.5], "texture": "#body"},
        "south": {"uv": [1.5, 5, 2, 5.75], "texture": "#body"},
        "west": {"uv": [1.25, 4.75, 1.5, 5.5], "texture": "#body"},
        "up": {"uv": [0.75, 6, 1.25, 6.25], "texture": "#body"}
      }
    },
    {
      "from": [7, 5, 13],
      "to": [9, 8, 15],
      "rotation": {"angle": 0, "axis": "y", "origin": [8, 11, 19]},
      "faces": {
        "east": {"uv": [1.5, 5.5, 2, 6.25], "texture": "#body"},
        "south": {"uv": [1.25, 5.25, 1.75, 6], "texture": "#body"},
        "west": {"uv": [1, 5.75, 1.5, 6.5], "texture": "#body"},
        "up": {"uv": [1, 5.75, 1.5, 6.25], "texture": "#body"},
        "down": {"uv": [1.25, 5.25, 1.75, 5.75], "texture": "#body"}
      }
    },
    {
      "from": [7, 5, 1],
      "to": [9, 8, 3],
      "rotation": {"angle": 0, "axis": "y", "origin": [8, 11, 7]},
      "faces": {
        "north": {"uv": [0.75, 5.5, 1.25, 6.25], "texture": "#body"},
        "east": {"uv": [1.5, 5.5, 2, 6.25], "texture": "#body"},
        "west": {"uv": [1, 5.75, 1.5, 6.5], "texture": "#body"},
        "up": {"uv": [1, 5.75, 1.5, 6.25], "texture": "#body"},
        "down": {"uv": [1.25, 5.25, 1.75, 5.75], "texture": "#body"}
      }
    },
    {
      "from": [13, 5, 7],
      "to": [15, 8, 9],
      "rotation": {"angle": 0, "axis": "y", "origin": [14, 11, 13]},
      "faces": {
        "north": {"uv": [1.5, 5.25, 2, 6], "texture": "#body"},
        "east": {"uv": [1, 4.75, 1.5, 5.5], "texture": "#body"},
        "south": {"uv": [1.5, 4.75, 2, 5.5], "texture": "#body"},
        "up": {"uv": [1.25, 5, 1.75, 5.5], "texture": "#body"},
        "down": {"uv": [1.25, 5, 1.75, 5.5], "texture": "#body"}
      }
    },
    {
      "from": [1, 5, 7],
      "to": [3, 8, 9],
      "rotation": {"angle": 0, "axis": "y", "origin": [2, 11, 13]},
      "faces": {
        "north": {"uv": [1.5, 5.25, 2, 6], "texture": "#body"},
        "south": {"uv": [1.5, 4.75, 2, 5.5], "texture": "#body"},
        "west": {"uv": [1, 4.5, 1.5, 5.25], "texture": "#body"},
        "up": {"uv": [1.25, 5, 1.75, 5.5], "texture": "#body"},
        "down": {"uv": [1.25, 5, 1.75, 5.5], "texture": "#body"}
      }
    },
    {
      "from": [12, 7, 7],
      "to": [13, 10, 9],
      "rotation": {"angle": 0, "axis": "y", "origin": [13, 13, 13]},
      "faces": {
        "north": {"uv": [1.25, 4.75, 1.5, 5.5], "texture": "#body"},
        "east": {"uv": [1.5, 4.75, 2, 5.5], "texture": "#body"},
        "south": {"uv": [1.25, 5, 1.5, 5.75], "texture": "#body"},
        "west": {"uv": [1, 5, 1.5, 5.75], "texture": "#body"},
        "up": {"uv": [1.25, 4.75, 1.5, 5.25], "texture": "#body"}
      }
    },
    {
      "from": [3, 7, 7],
      "to": [4, 10, 9],
      "rotation": {"angle": 0, "axis": "y", "origin": [4, 13, 13]},
      "faces": {
        "north": {"uv": [1.25, 4.75, 1.5, 5.5], "texture": "#body"},
        "east": {"uv": [1.5, 4.75, 2, 5.5], "texture": "#body"},
        "south": {"uv": [1.25, 5, 1.5, 5.75], "texture": "#body"},
        "west": {"uv": [1, 5, 1.5, 5.75], "texture": "#body"},
        "up": {"uv": [1.25, 4.75, 1.5, 5.25], "texture": "#body"}
      }
    }
  ]
}