{
  "ambientocclusion": false,
  "textures": {
    "cross": "minecraft:block/fern",
    "clover": "skylands:block/empty",
    "particle": "#cross"
  },
  "elements": [
    {
      "from": [0.8, 0, 8],
      "to": [15.2, 16, 8],
      "rotation": {
        "origin": [8, 8, 8],
        "axis": "y",
        "angle": 45,
        "rescale": true
      },
      "shade": false,
      "faces": {
        "north": { "uv": [0, 0, 16, 16], "texture": "#cross", "tintindex": 0 },
        "south": { "uv": [0, 0, 16, 16], "texture": "#cross", "tintindex": 0 }
      }
    },
    {
      "from": [8, 0, 0.8],
      "to": [8, 16, 15.2],
      "rotation": {
        "origin": [8, 8, 8],
        "axis": "y",
        "angle": 45,
        "rescale": true
      },
      "shade": false,
      "faces": {
        "west": { "uv": [0, 0, 16, 16], "texture": "#cross", "tintindex": 0 },
        "east": { "uv": [0, 0, 16, 16], "texture": "#cross", "tintindex": 0 }
      }
    },
    {
      "from": [0.8, 7, 0.8],
      "to": [15.2, 7, 15.2],
      "shade": false,
      "faces": {
        "up": { "uv": [0, 0, 16, 16], "texture": "#clover", "tintindex": 0 },
        "down": { "uv": [0, 0, 16, 16], "texture": "#clover", "tintindex": 0 }
      }
    }
  ]
}
