{
   "parent": "minecraft:block/cube_all",
   "textures": {
      "all": "minecraft:block/gilded_sandstone",
      "particle": "#all"
   },
   "elements": [
      {
         "from": [0, 0, 0],
         "to": [16, 16, 16],
         "faces": {
            "down": { "texture": "#all", "cullface": "down" },
            "up": { "texture": "#all", "cullface": "up" },
            "north": { "rotation": 90, "texture": "#all", "cullface": "north" },
            "south": { "rotation": 90, "texture": "#all", "cullface": "south" },
            "west": { "texture": "#all", "cullface": "west" },
            "east": { "texture": "#all", "cullface": "east" }
         }
      }
   ]
}
