{
	"__comment": "Designed by JermsyBoy with Cubik Studio - https://cubik.studio",
	"parent": "block/block",
	"textures": {
		"particle": "block/oak_leaves",
		"all": "block/oak_leaves",
		"bushy_bottom": "block/oak_leaves_bushy_bottom",
		"bushy_top": "block/oak_leaves_bushy_top",
		"sides": "block/oak_leaves_bushy_sides"
	},
	"elements": [ 	 
		{
			"__comment": "Element",
			"from": [ 0, 0, 0 ],
			"to": [ 16, 16, 16 ],
			"faces": {
				"down": { "uv": [ 16, 16, 0, 0 ], "texture": "#all", "cullface": "down", "tintindex": 0 },
				"up": { "uv": [ 0, 0, 16, 16 ], "texture": "#all", "cullface": "up", "tintindex": 0 },
				"north": { "uv": [ 0, 0, 16, 16 ], "texture": "#all", "cullface": "north", "tintindex": 0 },
				"south": { "uv": [ 0, 0, 16, 16 ], "texture": "#all", "cullface": "south", "tintindex": 0 },
				"west": { "uv": [ 0, 0, 16, 16 ], "texture": "#all", "cullface": "west", "tintindex": 0 },
				"east": { "uv": [ 0, 0, 16, 16 ], "texture": "#all", "cullface": "east", "tintindex": 0 }
			}
		},
		{
			"__comment": "Bushy_top1",
			"from": [ -6.875, -7, 8 ],
			"to": [ 23.125, 23, 8.001 ],
			"rotation": { "origin": [ 8.125, -7, 8 ], "axis": "y", "angle": -45 },
			"faces": {
				"north": { "uv": [ 0.5, 0.5, 15.5, 15.5 ], "texture": "#bushy_top", "tintindex": 0 },
				"south": { "uv": [ 0.5, 0.5, 15.5, 15.5 ], "texture": "#bushy_top", "tintindex": 0 }
			}
		},
		{
			"__comment": "Bushy_top2",
			"from": [ -7, -7, 7.9989 ],
			"to": [ 23, 23, 7.9999 ],
			"rotation": { "origin": [ 8, -7, 8 ], "axis": "y", "angle": 45 },
			"faces": {
				"north": { "uv": [ 0.5, 0.5, 15.5, 15.5 ], "texture": "#bushy_top", "tintindex": 0 },
				"south": { "uv": [ 0.5, 0.5, 15.5, 15.5 ], "texture": "#bushy_top", "tintindex": 0 }
			}
		},
		{
			"__comment": "Bushy_bottom1",
			"from": [ -7, -7, 7.9989 ],
			"to": [ 23, 23, 7.9999 ],
			"rotation": { "origin": [ 8, -7, 8 ], "axis": "y", "angle": 22.5 },
			"faces": {
				"north": { "uv": [ 0.5, 0.5, 15.5, 15.5 ], "texture": "#bushy_bottom", "tintindex": 0 },
				"south": { "uv": [ 0.5, 0.5, 15.5, 15.5 ], "texture": "#bushy_bottom", "tintindex": 0 }
			}
		},
		{
			"__comment": "Bushy_bottom2",
			"from": [ 8.0862, -7, -6.912 ],
			"to": [ 8.0872, 23, 23.088 ],
			"rotation": { "origin": [ 8, -7, 8 ], "axis": "y", "angle": 22.5 },
			"faces": {
				"west": { "uv": [ 0.5, 0.5, 15.5, 15.5 ], "texture": "#bushy_bottom", "tintindex": 0 },
				"east": { "uv": [ 0.5, 0.5, 15.5, 15.5 ], "texture": "#bushy_bottom", "tintindex": 0 }
			}
		},
		{
			"__comment": "Bushy_side1",
			"from": [ -8, 9, -2 ],
			"to": [ 7, 9.001, 18 ],
			"rotation": { "origin": [ 0, 9, -2 ], "axis": "z", "angle": 22.5 },
			"faces": {
				"down": { "uv": [ 0.5, 3, 8, 13 ], "texture": "#sides", "tintindex": 0 },
				"up": { "uv": [ 0.5, 3, 8, 13 ], "texture": "#sides", "tintindex": 0 }
			}
		},
		{
			"__comment": "Bushy_side2",
			"from": [ 9, 8.5, -2 ],
			"to": [ 24, 8.501, 18 ],
			"rotation": { "origin": [ 17, 8.5, -2 ], "axis": "z", "angle": -22.5 },
			"faces": {
				"down": { "uv": [ 8, 2.5, 0.5, 12.5 ], "texture": "#sides", "tintindex": 0 },
				"up": { "uv": [ 8, 3, 15.5, 13 ], "texture": "#sides", "tintindex": 0 }
			}
		},
		{
			"__comment": "Bushy_side3",
			"from": [ -2, 8.5, 9 ],
			"to": [ 18, 8.501, 24 ],
			"rotation": { "origin": [ -2, 8.5, 16.5 ], "axis": "x", "angle": 22.5 },
			"faces": {
				"down": { "uv": [ 3, 15.5, 13, 8 ], "texture": "#sides", "tintindex": 0 },
				"up": { "uv": [ 3, 8, 13, 15.5 ], "texture": "#sides", "tintindex": 0 }
			}
		},
		{
			"__comment": "Bushy_side4",
			"from": [ -2, 8.75, -8 ],
			"to": [ 18, 8.751, 7 ],
			"rotation": { "origin": [ -2, 8.75, -0.5 ], "axis": "x", "angle": -22.5 },
			"faces": {
				"down": { "uv": [ 3, 8, 13, 0.5 ], "texture": "#sides", "tintindex": 0 },
				"up": { "uv": [ 3, 0.5, 13, 8 ], "texture": "#sides", "tintindex": 0 }
			}
		}
	]
}