{
	"credit": "Made with Blockbench",
	"ambientocclusion": false,
	"textures": {
		"1": "block/lilypadroot",
		"particle": "block/lilypadroot",
		"texture": "block/lily_pad2"
	},
	"elements": [
		{
			"from": [0, 0.25, 0],
			"to": [16, 0.25, 16],
			"faces": {
				"up": {"uv": [16, 0, 0, 16], "texture": "#texture", "tintindex": 0},
				"down": {"uv": [16, 16, 0, 0], "texture": "#texture", "tintindex": 0}
			}
		},
		{
			"from": [8, -8, 7],
			"to": [8, 0, 10],
			"faces": {
				"north": {"uv": [0, 8, 3, 16], "texture": "#missing"},
				"east": {"uv": [0, 8, 3, 16], "texture": "#1"},
				"south": {"uv": [0, 8, 3, 16], "texture": "#missing"},
				"west": {"uv": [0, 8, 3, 16], "texture": "#1"},
				"up": {"uv": [0, 0, 0, 3], "texture": "#missing"},
				"down": {"uv": [0, 0, 0, 3], "texture": "#missing"}
			}
		},
		{
			"from": [6.5, -8, 8.5],
			"to": [9.5, 0, 8.5],
			"faces": {
				"north": {"uv": [0, 8, 3, 16], "texture": "#1"},
				"east": {"uv": [0, 0, 0, 9], "texture": "#missing"},
				"south": {"uv": [0, 8, 3, 16], "texture": "#1"},
				"west": {"uv": [0, 0, 0, 9], "texture": "#missing"},
				"up": {"uv": [0, 0, 3, 0], "texture": "#missing"},
				"down": {"uv": [0, 0, 3, 0], "texture": "#missing"}
			}
		}
	],
	"groups": [0,
		{
			"name": "group",
			"origin": [8, 8, 8],
			"children": [1, 2]
		}
	]
}