{
	"credit": "Made with Blockbench",
	"ambientocclusion": false,
	"textures": {
		"1": "block/lilypadroot",
		"texture": "block/lily_pad3",
		"particle": "block/lilypadroot"
	},
	"elements": [
		{
			"from": [0, 0.25, 0],
			"to": [16, 0.25, 16],
			"faces": {
				"up": {"uv": [16, 0, 0, 16], "texture": "#texture", "tintindex": 0},
				"down": {"uv": [16, 16, 0, 0], "texture": "#texture", "tintindex": 0}
			}
		},
		{
			"from": [11.5, -7, 3],
			"to": [11.5, 0, 6],
			"faces": {
				"north": {"uv": [0, 0, 0, 9], "texture": "#1"},
				"east": {"uv": [0, 7, 3, 14], "texture": "#1"},
				"south": {"uv": [0, 0, 0, 9], "texture": "#1"},
				"west": {"uv": [0, 7, 3, 14], "texture": "#1"},
				"up": {"uv": [0, 0, 0, 3], "texture": "#missing"},
				"down": {"uv": [0, 0, 0, 3], "texture": "#missing"}
			}
		},
		{
			"from": [10, -7, 4.5],
			"to": [13, 0, 4.5],
			"faces": {
				"north": {"uv": [0, 7, 3, 14], "texture": "#1"},
				"east": {"uv": [0, 0, 0, 9], "texture": "#missing"},
				"south": {"uv": [0, 7, 3, 14], "texture": "#1"},
				"west": {"uv": [0, 0, 0, 9], "texture": "#missing"},
				"up": {"uv": [0, 0, 3, 0], "texture": "#missing"},
				"down": {"uv": [0, 0, 3, 0], "texture": "#missing"}
			}
		},
		{
			"from": [7.5, -5, 10],
			"to": [7.5, 0, 13],
			"faces": {
				"north": {"uv": [0, 0, 0, 9], "texture": "#missing"},
				"east": {"uv": [0, 8, 3, 13], "texture": "#1"},
				"south": {"uv": [0, 0, 0, 9], "texture": "#missing"},
				"west": {"uv": [0, 8, 3, 13], "texture": "#1"},
				"up": {"uv": [0, 0, 0, 3], "texture": "#missing"},
				"down": {"uv": [0, 0, 0, 3], "texture": "#missing"}
			}
		},
		{
			"from": [6, -5, 11.5],
			"to": [9, 0, 11.5],
			"faces": {
				"north": {"uv": [0, 8, 3, 13], "texture": "#1"},
				"east": {"uv": [0, 9, 3, 14], "texture": "#1"},
				"south": {"uv": [0, 8, 3, 13], "texture": "#1"},
				"west": {"uv": [0, 9, 3, 14], "texture": "#1"},
				"up": {"uv": [0, 0, 3, 0], "texture": "#missing"},
				"down": {"uv": [0, 0, 3, 0], "texture": "#missing"}
			}
		},
		{
			"from": [4, -5, 4.5],
			"to": [4, 0, 7.5],
			"faces": {
				"north": {"uv": [0, 0, 0, 9], "texture": "#missing"},
				"east": {"uv": [0, 8, 3, 13], "texture": "#1"},
				"south": {"uv": [0, 0, 0, 9], "texture": "#missing"},
				"west": {"uv": [0, 8, 3, 13], "texture": "#1"},
				"up": {"uv": [0, 0, 0, 3], "texture": "#missing"},
				"down": {"uv": [0, 0, 0, 3], "texture": "#missing"}
			}
		},
		{
			"from": [2.5, -5, 6],
			"to": [5.5, 0, 6],
			"faces": {
				"north": {"uv": [0, 8, 3, 13], "texture": "#1"},
				"east": {"uv": [0, 9, 3, 14], "texture": "#1"},
				"south": {"uv": [0, 8, 3, 13], "texture": "#1"},
				"west": {"uv": [0, 9, 3, 14], "texture": "#1"},
				"up": {"uv": [0, 0, 3, 0], "texture": "#missing"},
				"down": {"uv": [0, 0, 3, 0], "texture": "#missing"}
			}
		}
	],
	"groups": [0,
		{
			"name": "group",
			"origin": [8, 8, 8],
			"children": [1, 2]
		},
		{
			"name": "group",
			"origin": [8, 8, 8],
			"children": [3, 4,
				{
					"name": "group",
					"origin": [8, 8, 8],
					"children": [5, 6]
				}
			]
		}
	]
}