{
  "parent": "item/generated",
  "textures": {
    "layer0": "item/crossbow_standby"
  },
  "display": {
    "thirdperson_righthand": {
      "rotation": [
        -90,
        0,
        -60
      ],
      "translation": [
        2,
        0.1,
        -3
      ],
      "scale": [
        0.9,
        0.9,
        0.9
      ]
    },
    "thirdperson_lefthand": {
      "rotation": [
        -90,
        0,
        30
      ],
      "translation": [
        2,
        0.1,
        -3
      ],
      "scale": [
        0.9,
        0.9,
        0.9
      ]
    },
    "firstperson_righthand": {
      "rotation": [
        -90,
        0,
        -55
      ],
      "translation": [
        1.13,
        3.2,
        1.13
      ],
      "scale": [
        0.68,
        0.68,
        0.68
      ]
    },
    "firstperson_lefthand": {
      "rotation": [
        -90,
        0,
        35
      ],
      "translation": [
        1.13,
        3.2,
        1.13
      ],
      "scale": [
        0.68,
        0.68,
        0.68
      ]
    }
  },
  "overrides": [
    {
      "predicate": {
        "pulling": 1
      },
      "model": "item/crossbow_pulling_0"
    },
    {
      "predicate": {
        "pulling": 1,
        "pull": 0.58
      },
      "model": "item/crossbow_pulling_1"
    },
    {
      "predicate": {
        "pulling": 1,
        "pull": 1
      },
      "model": "item/crossbow_pulling_2"
    },
    {
      "predicate": {
        "charged": 1
      },
      "model": "item/crossbow_arrow"
    },
    {
      "predicate": {
        "charged": 1,
        "firework": 1
      },
      "model": "item/crossbow_firework"
    },
    {
      "predicate": {
        "pulling": 1
      },
      "model": "item/crossbow_pulling_0"
    },
    {
      "predicate": {
        "pulling": 1,
        "pull": 0.58
      },
      "model": "item/crossbow_pulling_1"
    },
    {
      "predicate": {
        "pulling": 1,
        "pull": 1
      },
      "model": "item/crossbow_pulling_2"
    },
    {
      "predicate": {
        "charged": 1
      },
      "model": "item/crossbow_arrow"
    },
    {
      "predicate": {
        "charged": 1,
        "firework": 1
      },
      "model": "item/crossbow_firework"
    },
    {
      "model": "skylands:item/angel_crossbow",
      "predicate": {
        "custom_model_data": 810
      }
    },
    {
      "predicate": {
        "custom_model_data": 810,
        "pulling": 1
      },
      "model": "skylands:item/angel_crossbow_pulling_0"
    },
    {
      "predicate": {
        "custom_model_data": 810,
        "pulling": 1,
        "pull": 0.58
      },
      "model": "skylands:item/angel_crossbow_pulling_1"
    },
    {
      "predicate": {
        "custom_model_data": 810,
        "pulling": 1,
        "pull": 1
      },
      "model": "skylands:item/angel_crossbow_pulling_2"
    },
    {
      "predicate": {
        "custom_model_data": 810,
        "charged": 1
      },
      "model": "skylands:item/angel_crossbow_arrow"
    },
    {
      "predicate": {
        "custom_model_data": 810,
        "charged": 1,
        "firework": 1
      },
      "model": "skylands:item/angel_crossbow_firework"
    },
    {
      "model": "skylands:item/sun_crossbow",
      "predicate": {
        "custom_model_data": 820
      }
    },
    {
      "predicate": {
        "custom_model_data": 820,
        "pulling": 1
      },
      "model": "skylands:item/sun_crossbow_pulling_0"
    },
    {
      "predicate": {
        "custom_model_data": 820,
        "pulling": 1,
        "pull": 0.58
      },
      "model": "skylands:item/sun_crossbow_pulling_1"
    },
    {
      "predicate": {
        "custom_model_data": 820,
        "pulling": 1,
        "pull": 1
      },
      "model": "skylands:item/sun_crossbow_pulling_2"
    },
    {
      "predicate": {
        "custom_model_data": 820,
        "charged": 1
      },
      "model": "skylands:item/sun_crossbow_arrow"
    },
    {
      "predicate": {
        "custom_model_data": 820,
        "charged": 1,
        "firework": 1
      },
      "model": "skylands:item/sun_crossbow_firework"
    },
    {
      "predicate": {
        "custom_model_data": 1450100
      },
      "model": "incendium:item/patron/holy_wrath"
    },
    {
      "predicate": {
        "custom_model_data": 1450100,
        "pulling": 1
      },
      "model": "incendium:item/patron/holy_wrath/pulling_0"
    },
    {
      "predicate": {
        "custom_model_data": 1450100,
        "pulling": 1,
        "pull": 0.58
      },
      "model": "incendium:item/patron/holy_wrath/pulling_1"
    },
    {
      "predicate": {
        "custom_model_data": 1450100,
        "pulling": 1,
        "pull": 1
      },
      "model": "incendium:item/patron/holy_wrath/pulling_2"
    },
    {
      "predicate": {
        "custom_model_data": 1450100,
        "charged": 1
      },
      "model": "incendium:item/patron/holy_wrath/arrow"
    },
    {
      "predicate": {
        "custom_model_data": 1450100,
        "charged": 1,
        "firework": 1
      },
      "model": "incendium:item/patron/holy_wrath/firework"
    },
    {
      "predicate": {
        "custom_model_data": 1450101
      },
      "model": "incendium:item/firestorm"
    },
    {
      "predicate": {
        "custom_model_data": 1450101,
        "pulling": 1
      },
      "model": "incendium:item/firestorm/pulling_0"
    },
    {
      "predicate": {
        "custom_model_data": 1450101,
        "pulling": 1,
        "pull": 0.58
      },
      "model": "incendium:item/firestorm/pulling_1"
    },
    {
      "predicate": {
        "custom_model_data": 1450101,
        "pulling": 1,
        "pull": 1
      },
      "model": "incendium:item/firestorm/pulling_2"
    },
    {
      "predicate": {
        "custom_model_data": 1450101,
        "charged": 1
      },
      "model": "incendium:item/firestorm/arrow"
    },
    {
      "predicate": {
        "custom_model_data": 1450101,
        "charged": 1,
        "firework": 1
      },
      "model": "incendium:item/firestorm/firework"
    },
    {
      "predicate": {
        "custom_model_data": 1450102
      },
      "model": "incendium:item/multiplex"
    },
    {
      "predicate": {
        "custom_model_data": 1450102,
        "pulling": 1
      },
      "model": "incendium:item/multiplex/pulling_0"
    },
    {
      "predicate": {
        "custom_model_data": 1450102,
        "pulling": 1,
        "pull": 0.58
      },
      "model": "incendium:item/multiplex/pulling_1"
    },
    {
      "predicate": {
        "custom_model_data": 1450102,
        "pulling": 1,
        "pull": 1
      },
      "model": "incendium:item/multiplex/pulling_2"
    },
    {
      "predicate": {
        "custom_model_data": 1450102,
        "charged": 1
      },
      "model": "incendium:item/multiplex/arrow"
    },
    {
      "predicate": {
        "custom_model_data": 1450102,
        "charged": 1,
        "firework": 1
      },
      "model": "incendium:item/multiplex/firework"
    },
    {
      "predicate": {
        "custom_model_data": 1450103
      },
      "model": "incendium:item/sentrys_wrath"
    },
    {
      "predicate": {
        "custom_model_data": 1450103,
        "pulling": 1
      },
      "model": "incendium:item/sentrys_wrath/pulling_0"
    },
    {
      "predicate": {
        "custom_model_data": 1450103,
        "pulling": 1,
        "pull": 0.58
      },
      "model": "incendium:item/sentrys_wrath/pulling_1"
    },
    {
      "predicate": {
        "custom_model_data": 1450103,
        "pulling": 1,
        "pull": 1
      },
      "model": "incendium:item/sentrys_wrath/pulling_2"
    },
    {
      "predicate": {
        "custom_model_data": 1450103,
        "charged": 1
      },
      "model": "incendium:item/sentrys_wrath/arrow"
    },
    {
      "predicate": {
        "custom_model_data": 1450103,
        "charged": 1,
        "firework": 1
      },
      "model": "incendium:item/sentrys_wrath/firework"
    }
  ]
}