{
  "credit": "Made with Blockbench",
  "texture_size": [32, 32],
  "textures": {
    "0": "item/revolver",
    "particle": "item/revolver"
  },
  "elements": [
    {
      "from": [6.5, 1, 2],
      "to": [8.5, 5, 4.5],
      "rotation": { "angle": 0, "axis": "y", "origin": [0, 0, 0.75] },
      "faces": {
        "north": { "uv": [1, 1, 2, 3], "texture": "#0" },
        "east": { "uv": [0, 1, 1, 3], "texture": "#0" },
        "south": { "uv": [3, 1, 4, 3], "texture": "#0" },
        "west": { "uv": [2, 1, 3, 3], "texture": "#0" },
        "up": { "uv": [2, 1, 1, 0], "texture": "#0" },
        "down": { "uv": [3, 0, 2, 1], "texture": "#0" }
      }
    },
    {
      "from": [6.75, 4.475, 4.8],
      "to": [8.25, 6.975, 8.8],
      "rotation": { "angle": 0, "axis": "y", "origin": [0, 0, 0.75] },
      "faces": {
        "north": { "uv": [2, 8, 2.5, 9], "texture": "#0" },
        "east": { "uv": [0, 8, 2, 9], "texture": "#0" },
        "south": { "uv": [4.5, 8, 5, 9], "texture": "#0" },
        "west": { "uv": [2.5, 8, 4.5, 9], "texture": "#0" },
        "up": { "uv": [2.5, 8, 2, 6], "texture": "#0" },
        "down": { "uv": [3, 6, 2.5, 8], "texture": "#0" }
      }
    },
    {
      "from": [6.4, 4.725, 5.3],
      "to": [8.65, 6.725, 8.3],
      "rotation": { "angle": 0, "axis": "y", "origin": [0, 0, 0.75] },
      "faces": {
        "north": { "uv": [7, 7.5, 8, 8.5], "texture": "#0" },
        "east": { "uv": [5.5, 7.5, 7, 8.5], "texture": "#0" },
        "south": { "uv": [9.5, 7.5, 10.5, 8.5], "texture": "#0" },
        "west": { "uv": [8, 7.5, 9.5, 8.5], "texture": "#0" },
        "up": { "uv": [8, 7.5, 7, 6], "texture": "#0" },
        "down": { "uv": [9, 6, 8, 7.5], "texture": "#0" }
      }
    },
    {
      "from": [6.75, 4.475, 3.05],
      "to": [8.25, 5.975, 4.8],
      "rotation": { "angle": 0, "axis": "y", "origin": [0, 0, 0.75] },
      "faces": {
        "north": { "uv": [0.5, 4, 1, 4.5], "texture": "#0" },
        "east": { "uv": [0, 4, 0.5, 4.5], "texture": "#0" },
        "south": { "uv": [1.5, 4, 2, 4.5], "texture": "#0" },
        "west": { "uv": [1, 4, 1.5, 4.5], "texture": "#0" },
        "up": { "uv": [1, 4, 0.5, 3.5], "texture": "#0" },
        "down": { "uv": [1.5, 3.5, 1, 4], "texture": "#0" }
      }
    },
    {
      "from": [7, 4.725, 8.8],
      "to": [8, 6.725, 14.8],
      "rotation": { "angle": 0, "axis": "y", "origin": [0, 0, 0.75] },
      "faces": {
        "north": { "uv": [8.5, 3, 9, 4], "texture": "#0" },
        "east": { "uv": [5.5, 3, 8.5, 4], "texture": "#0" },
        "south": { "uv": [12, 3, 12.5, 4], "texture": "#0" },
        "west": { "uv": [9, 3, 12, 4], "texture": "#0" },
        "up": { "uv": [9, 3, 8.5, 0], "texture": "#0" },
        "down": { "uv": [9.5, 0, 9, 3], "texture": "#0" }
      }
    },
    {
      "from": [7.5, 6.725, 4.8],
      "to": [7.5, 7.725, 14.8],
      "rotation": { "angle": 0, "axis": "y", "origin": [0, 0, 0.75] },
      "faces": {
        "north": { "uv": [5, 5, 5, 5.5], "texture": "#0" },
        "east": { "uv": [0, 5, 5, 5.5], "texture": "#0" },
        "south": { "uv": [10, 5, 10, 5.5], "texture": "#0" },
        "west": { "uv": [5, 5, 10, 5.5], "texture": "#0" },
        "up": { "uv": [5, 5, 5, 0], "texture": "#0" },
        "down": { "uv": [5, 0, 5, 5], "texture": "#0" }
      }
    },
    {
      "from": [7.5, 2.475, 4.05],
      "to": [7.5, 4.475, 7.05],
      "rotation": { "angle": 0, "axis": "y", "origin": [0, 0, 0.75] },
      "faces": {
        "north": { "uv": [10.5, 10.5, 10.5, 11.5], "texture": "#0" },
        "east": { "uv": [9, 10.5, 10.5, 11.5], "texture": "#0" },
        "south": { "uv": [12, 10.5, 12, 11.5], "texture": "#0" },
        "west": { "uv": [10.5, 10.5, 12, 11.5], "texture": "#0" },
        "up": { "uv": [10.5, 10.5, 10.5, 9], "texture": "#0" },
        "down": { "uv": [10.5, 9, 10.5, 10.5], "texture": "#0" }
      }
    },
    {
      "from": [7.5, 5.24472, 3.69769],
      "to": [7.5, 7.24472, 4.69769],
      "rotation": {
        "angle": 0,
        "axis": "x",
        "origin": [7.5, 6.24472, 4.19769]
      },
      "faces": {
        "north": { "uv": [6, 0.5, 6, 1.5], "texture": "#0" },
        "east": { "uv": [5.5, 0.5, 6, 1.5], "texture": "#0" },
        "south": { "uv": [6.5, 0.5, 6.5, 1.5], "texture": "#0" },
        "west": { "uv": [6, 0.5, 6.5, 1.5], "texture": "#0" },
        "up": { "uv": [6, 0.5, 6, 0], "texture": "#0" },
        "down": { "uv": [6, 0, 6, 0.5], "texture": "#0" }
      }
    },
    {
      "from": [6.25, 0.575, 1.75],
      "to": [8.75, 1.575, 4.25],
      "rotation": { "angle": 0, "axis": "y", "origin": [0, 0, 0.75] },
      "faces": {
        "north": { "uv": [5.5, 10, 6.5, 10.5], "texture": "#0" },
        "east": { "uv": [4.5, 10, 5.5, 10.5], "texture": "#0" },
        "south": { "uv": [7.5, 10, 8.5, 10.5], "texture": "#0" },
        "west": { "uv": [6.5, 10, 7.5, 10.5], "texture": "#0" },
        "up": { "uv": [6.5, 10, 5.5, 9], "texture": "#0" },
        "down": { "uv": [7.5, 9, 6.5, 10], "texture": "#0" }
      }
    }
  ],
  "overrides": [
    {
      "predicate": {
        "pulling": 1
      },
      "model": "item/revolver_pulling_0"
    },
    {
      "predicate": {
        "pulling": 1,
        "pull": 0.18
      },
      "model": "item/revolver_pulling_1"
    },
    {
      "predicate": {
        "pulling": 1,
        "pull": 0.28
      },
      "model": "item/revolver_pulling_2"
    },
    {
      "predicate": {
        "pulling": 1,
        "pull": 0.38
      },
      "model": "item/revolver_pulling_3"
    },
    {
      "predicate": {
        "pulling": 1,
        "pull": 0.58
      },
      "model": "item/revolver_pulling_4"
    },
    {
      "predicate": {
        "pulling": 1,
        "pull": 0.78
      },
      "model": "item/revolver_pulling_5"
    },
    {
      "predicate": {
        "pulling": 1,
        "pull": 1
      },
      "model": "item/revolver_pulling_6"
    },
    {
      "predicate": {
        "charged": 1
      },
      "model": "item/revolver_arrow"
    },
    {
      "predicate": {
        "charged": 1,
        "firework": 1
      },
      "model": "item/revolver_firework"
    }
  ],
  "display": {
    "thirdperson_righthand": {
      "rotation": [0, -180, 0],
      "translation": [-0.5, 4.25, -2],
      "scale": [0.76, 0.76, 0.76]
    },
    "thirdperson_lefthand": {
      "rotation": [0, -180, 0],
      "translation": [0, 4.5, -2.25],
      "scale": [0.76, 0.76, 0.76]
    },
    "firstperson_righthand": {
      "rotation": [1.75, 171, 0],
      "translation": [2.5, 5.25, -2.75]
    },
    "firstperson_lefthand": {
      "rotation": [-2, -178.5, 0],
      "translation": [0, 6, 0.75]
    },
    "ground": {
      "rotation": [0, 0, 90.5],
      "translation": [-2.5, -1.5, 0],
      "scale": [0.77344, 0.77344, 0.77344]
    },
    "gui": {
      "rotation": [32.5, -38.5, 0],
      "translation": [0, 1, 0]
    },
    "fixed": {
      "rotation": [0, 90, 0],
      "translation": [0, 3, -1.5]
    }
  }
}
