{
  "credit": "Made with Blockbench",
  "parent": "item/generated",
  "textures": {
    "layer0": "item/slingshot"
  },
  "overrides": [
    {
      "predicate": {
        "pulling": 1
      },
      "model": "item/slingshot_pulling_0"
    },
    {
      "predicate": {
        "pulling": 1,
        "pull": 0.65
      },
      "model": "item/slingshot_pulling_1"
    },
    {
      "predicate": {
        "pulling": 1,
        "pull": 0.9
      },
      "model": "item/slingshot_pulling_2"
    }
  ],
  "display": {
    "thirdperson_righthand": {
      "rotation": [9.75, -180, 1.25],
      "translation": [-0.25, 4, 1.5],
      "scale": [0.65, 0.65, 0.65]
    },
    "thirdperson_lefthand": {
      "rotation": [6.75, -180, 0],
      "translation": [0.25, 3.5, 1.25],
      "scale": [0.65, 0.65, 0.65]
    },
    "firstperson_righthand": {
      "rotation": [11, -12, 0],
      "translation": [0.13, 2.2, 1.13],
      "scale": [0.5, 0.5, 0.5]
    },
    "firstperson_lefthand": {
      "rotation": [11, -12, 0],
      "translation": [0.13, 2.2, 1.13],
      "scale": [0.5, 0.5, 0.5]
    },
    "ground": {
      "translation": [0, 5.25, 0]
    }
  }
}
